# Temas del examen. Una Pregunta pertenece a un Tema, nunca a una universidad:
# Aritmetica, Algebra, Geometria, Trigonometria, Fisica y Quimica se comparten entre UNI y UNMSM.
# area_conocimiento: MATEMATICA, FISICA_QUIMICA, BIOLOGIA, APTITUD, HUMANIDADES o ACTITUDINAL.
# temario: resumen de los subtemas oficiales, lo usa el generador de preguntas. Puede quedar vacio.
# Fuentes del temario: Prospecto UNMSM 2026-I y temario oficial UNI 2024.
# En UNI, Humanidades es un solo tema porque la fuente no separa sus 36 preguntas por subarea.
nombre|area_conocimiento|temario
Razonamiento Matemático|APTITUD|UNI: análisis de figuras (series, analogías, sólidos, conteo de figuras/rutas/cubos); razonamiento lógico (proposicional, inferencias, lógica de clases, juegos lógicos); sucesiones y distribuciones numéricas; suficiencia de datos; razonamiento numérico (operaciones, criptoaritmética, ecuaciones, razones y proporciones, regla de tres, combinatoria); áreas y perímetros; operadores matemáticos; tablas y gráficos estadísticos.
Razonamiento Verbal|APTITUD|UNI: definiciones; analogías; precisión léxica en contexto; antonimia contextual; conectores lógico-textuales; información eliminada; plan de redacción; inclusión de enunciado; coherencia y cohesión textual; comprensión de lectura (textos continuos/discontinuos, macroestructura, inferencia, extrapolación, resumen, mapas conceptuales).
Humanidades|HUMANIDADES|UNI: [Comunicación y Lengua] lenguaje/lengua/habla; escritura y ortografía; sílaba y acentuación; puntuación; semántica; morfología; normas de corrección idiomática (sustantivo, adjetivo, verbo, preposición, conjunción, adverbio); oración simple y compuesta; vicios del lenguaje. [Literatura] teoría literaria; literatura griega (Homero, Esquilo, Sófocles); medieval (Dante); Renacimiento/Barroco (Shakespeare, Cervantes, Lope de Vega, Calderón de la Barca); Romanticismo y Realismo (Dostoievski, Flaubert, Balzac); narrativa contemporánea (Kafka, Hemingway); Generación del 98 y 27 (Machado, García Lorca); modernismo y Boom latinoamericano (Rubén Darío, Borges, Rulfo, García Márquez, Fuentes, Neruda, Paz); literatura peruana (Ollantay, Garcilaso de la Vega, Guamán Poma, Melgar, Palma, Segura, González Prada, Eguren, Valdelomar, Mariátegui, César Vallejo, Ciro Alegría, Arguedas, Ribeyro, Vargas Llosa, Bryce Echenique). [Historia del Perú y del Mundo] proceso de hominización y poblamiento de América; culturas andinas hasta el Tahuantinsuyo; culturas antiguas (Mesopotamia, Egipto, Grecia, Roma); Edad Media (Islam, feudalismo); Renacimiento y expansión europea; conquista y Virreinato; revoluciones burguesas; independencia del Perú; s. XIX (Confederación, guerra del Pacífico); entreguerras y guerras mundiales; República Aristocrática y Patria Nueva; Guerra Fría y descolonización; autoritarismo y democracia en el Perú (1930-1980); globalización; retorno al régimen constitucional (1980-2000s). [Geografía y Desarrollo Nacional] teoría geográfica y cartografía; ecosistemas y áreas protegidas; geomorfología del Perú; mar peruano; hidrografía; regiones naturales y ecorregiones; actividades económicas; geografía humana y migraciones; Perú en el contexto geopolítico; integración internacional; Estado peruano y participación ciudadana; convivencia y diversidad cultural. [Economía] definición y doctrinas económicas; necesidades, bienes y factores productivos; teoría del mercado y modelos de mercado; teoría de la empresa; sistema monetario y financiero; sector público; indicadores macroeconómicos; comercio internacional; organismos financieros internacionales; integración económica. [Inglés] nivel básico. [Filosofía] origen y disciplinas filosóficas; filosofía antigua (presocráticos, sofistas, Sócrates, Platón, Aristóteles, escuelas helenísticas); filosofía moderna (racionalismo, empirismo, Ilustración, idealismo alemán); filosofía contemporánea (positivismo, Marx, Nietzsche, existencialismo, Wittgenstein, Popper); axiología; ética y política; gnoseología; epistemología. [Lógica] la proposición; formalización y tablas de verdad; la inferencia y el silogismo categórico. [Psicología] definición y métodos; factores biológicos (neurona, sistema nervioso); psicoanálisis; procesos cognitivos (percepción, memoria, imaginación, inteligencia); aprendizaje y motivación; pensamiento y lenguaje; personalidad; socialización; sexualidad; salud psicológica.
Aritmética|MATEMATICA|UNMSM: relaciones lógicas y conjuntos; números naturales; números enteros (divisibilidad, primos, MCD/mcm); números racionales; razones y proporciones (regla de tres, porcentajes, progresiones, sumatorias); estadística y probabilidad (medidas de tendencia central, dispersión, combinatoria, probabilidad). UNI (Parte I, Aritmética y Álgebra): razones y proporciones; magnitudes proporcionales; interés simple y compuesto; mezcla y aleación; estadística; probabilidad; numeración; números naturales y enteros; divisibilidad; números primos; números racionales e irracionales; potenciación y radicación; lógica, conjuntos, números reales, ecuaciones e inecuaciones; ecuaciones e inecuaciones de segundo grado; funciones; funciones polinomiales (incluye números complejos); función exponencial y logarítmica; matrices y determinantes; sistemas de ecuaciones e inecuaciones; introducción a la programación lineal; sucesiones y series numéricas.
Álgebra|MATEMATICA|UNMSM: números reales y complejos; ecuaciones e inecuaciones; sistemas de ecuaciones; expresiones algebraicas (polinomios, factorización, teorema del resto/factor); funciones reales de variable real (dominio/rango, tipos, inversas, exponencial, logarítmica). UNI (Parte I, Aritmética y Álgebra): razones y proporciones; magnitudes proporcionales; interés simple y compuesto; mezcla y aleación; estadística; probabilidad; numeración; números naturales y enteros; divisibilidad; números primos; números racionales e irracionales; potenciación y radicación; lógica, conjuntos, números reales, ecuaciones e inecuaciones; ecuaciones e inecuaciones de segundo grado; funciones; funciones polinomiales (incluye números complejos); función exponencial y logarítmica; matrices y determinantes; sistemas de ecuaciones e inecuaciones; introducción a la programación lineal; sucesiones y series numéricas.
Geometría|MATEMATICA|UNMSM: segmento de recta y ángulos; polígonos y ángulos en la circunferencia; semejanza de triángulos (Tales, Pitágoras); áreas de polígonos y círculos; poliedros convexos y regulares; cilindro/cono/esfera de revolución; geometría analítica (recta, circunferencia, parábola, elipse). UNI (Parte II, Geometría y Trigonometría): nociones básicas; triángulos y congruencia; polígonos y cuadriláteros; circunferencia; proporcionalidad (Tales, Menelao, Ceva); relaciones métricas en el triángulo y la circunferencia; polígonos regulares convexos; longitud de la circunferencia; áreas de regiones poligonales y circulares; geometría del espacio; ángulos diedros; ángulos sólidos/poliedros; poliedros geométricos; prisma; pirámide; cilindro; cono; esfera; ángulo trigonométrico; razones trigonométricas (ángulos agudos, de cualquier magnitud, circunferencia trigonométrica); identidades trigonométricas; funciones trigonométricas y sus inversas; ecuaciones e inecuaciones trigonométricas; resolución de triángulos; secciones cónicas (circunferencia, parábola, elipse, hipérbola).
Trigonometría|MATEMATICA|UNMSM: sistema de medidas angulares; ángulo en posición normal; identidades trigonométricas; ecuaciones trigonométricas; resolución de triángulos oblicuángulos; funciones trigonométricas (directas e inversas). UNI (Parte II, Geometría y Trigonometría): nociones básicas; triángulos y congruencia; polígonos y cuadriláteros; circunferencia; proporcionalidad (Tales, Menelao, Ceva); relaciones métricas en el triángulo y la circunferencia; polígonos regulares convexos; longitud de la circunferencia; áreas de regiones poligonales y circulares; geometría del espacio; ángulos diedros; ángulos sólidos/poliedros; poliedros geométricos; prisma; pirámide; cilindro; cono; esfera; ángulo trigonométrico; razones trigonométricas (ángulos agudos, de cualquier magnitud, circunferencia trigonométrica); identidades trigonométricas; funciones trigonométricas y sus inversas; ecuaciones e inecuaciones trigonométricas; resolución de triángulos; secciones cónicas (circunferencia, parábola, elipse, hipérbola).
Física|FISICA_QUIMICA|UNMSM: cinemática; dinámica (leyes de Newton, cantidad de movimiento, gravitación); leyes de conservación (trabajo, energía); fenómenos térmicos; mecánica de fluidos; electrostática; electrodinámica; electromagnetismo; oscilaciones y ondas; física moderna (cuántica, relatividad especial). UNI: cantidades físicas y vectores; cinemática (1D y 2D, movimiento circular); leyes de Newton; gravitación universal; trabajo y energía; impulso y cantidad de movimiento; oscilaciones (MAS); ondas mecánicas; fluidos; temperatura y calor; termodinámica; electrostática; corriente eléctrica; electromagnetismo; ondas electromagnéticas; óptica geométrica; física moderna (efecto fotoeléctrico, rayos X).
Química|FISICA_QUIMICA|UNMSM: materia y sistema internacional; estructura atómica y tabla periódica; enlace químico y nomenclatura inorgánica; reacciones químicas (redox); estequiometría; estados de la materia; sistemas dispersos (soluciones, pH); cinética y equilibrio químico; electroquímica; química orgánica (hidrocarburos, compuestos oxigenados y nitrogenados); recursos naturales y contaminación ambiental. UNI: química y materia; estructura atómica; tabla periódica moderna; enlace químico; nomenclatura química inorgánica; estequiometría; estados de agregación de la materia; soluciones y coloides; equilibrio químico; ácidos y bases; electroquímica; química orgánica (hidrocarburos, grupos funcionales, isomería); ecología y contaminación ambiental; química aplicada (nanotecnología, materiales modernos).
Actitud|ACTITUDINAL|
Habilidad Verbal|APTITUD|UNMSM: estructura de la subsección: 1 texto dialéctico (4 preguntas), 1 texto con gráfico (3 preguntas), 1 texto en inglés nivel básico (3 preguntas). Tipos de pregunta: tema central e idea principal (cohesión, coherencia); síntesis (seleccionar/generalizar/abstraer); relaciones semántico-textuales (sinonimia y antonimia contextual, denotación/connotación); compatibilidad e incompatibilidad (literal e inferencial); inferencia (holística, de datos, léxica, causal, de intención, prospectiva); extrapolación (cognitiva y referencial).
Habilidad Lógico-Matemática|APTITUD|UNMSM: [Problemas de cantidad] máximos y mínimos, pesadas y balanzas, arreglos numéricos, seccionamientos y cortes, elementos recreativos (dados, cerillos, dominó), calendarios, traslados. [Problemas de regularidad, equivalencia y cambio] frecuencia de sucesos, inductivo numérico/verbal/geométrico, cronometría, interpretación de información (simbolización y ecuaciones). [Problemas de forma, movimiento y localización] rotación/traslación de figuras, rutas/trayectorias/puntos cardinales, trazo y conteo de figuras, simetría y reflexiones, visualización espacial, perímetros y áreas, ruedas/poleas/engranajes, congruencia y semejanza. [Problemas de gestión de datos e incertidumbre] tablas y gráficos estadísticos, situaciones deportivas, suficiencia de datos, certeza, deducción simple/compuesta, ordenamiento de información, verdades y mentiras, lazos familiares, diagramas de flujo.
Lenguaje|HUMANIDADES|UNMSM: comunicación, lenguaje y lengua (variedades del español, realidad lingüística del Perú); fonología (fonema, sílaba, diptongo/triptongo/hiato); acentuación escrita; morfosintaxis (morfología, frase nominal/verbal, sustantivo, adjetivo, verbo, adverbio/preposición/conjunción, oración simple/compuesta); discurso escrito (puntuación, mayúsculas/minúsculas); semántica (lexicología, signo lingüístico, relaciones semánticas).
Literatura|HUMANIDADES|UNMSM: conceptos básicos (géneros y figuras literarias); literatura antigua (épica y tragedia griega); literatura moderna (Shakespeare, Goethe, Dostoievski); literatura contemporánea (Kafka); literatura española (Poema del Mio Cid, Cervantes, Calderón de la Barca, Bécquer); literatura hispanoamericana (Rubén Darío, Neruda, Borges, Carpentier, García Márquez); literatura de la Conquista al Romanticismo (Garcilaso de la Vega, Segura, Ricardo Palma); literatura peruana del s. XX (Clorinda Matto de Turner, Eguren, Valdelomar, César Vallejo, Ciro Alegría, Arguedas); literatura peruana contemporánea, Generación del 50 (Blanca Varela, Ribeyro, Vargas Llosa).
Psicología|HUMANIDADES|UNMSM: introducción a la psicología (orígenes, enfoques); bases biológicas del comportamiento (socialización, familia, actitudes y valores); procesos cognitivos y aprendizaje (sensación, percepción, memoria, teorías del aprendizaje); desarrollo humano, identidad y vivencia saludable (ciclo vital, identidad, sexualidad, proyecto de vida); afectividad humana y motivación.
Educación Cívica|HUMANIDADES|UNMSM: derechos humanos (declaración universal, Constitución del Perú); participación ciudadana (mecanismos de participación y control); problemas de convivencia (discriminación, corrupción, terrorismo); identidad e interculturalidad; estructura y funciones del Estado (poderes, órganos constitucionales autónomos, sistema electoral).
Historia del Perú|HUMANIDADES|UNMSM: poblamiento de América y culturas andinas tempranas; del Periodo formativo a los Estados regionales; el Tawantinsuyo; establecimiento del orden virreinal; de las reformas borbónicas a las guerras de independencia; el siglo XIX (guano, guerra con Chile); de la República Aristocrática al Reformismo moderado (Leguía, Aprismo); el Perú en las últimas décadas (Velasco, fujimorato, CVR).
Historia Universal|HUMANIDADES|UNMSM: aspectos teóricos de la historia; proceso de hominización y primeras civilizaciones (Mesopotamia, Egipto, India, China); mundo clásico (Grecia, Roma); Edad Media en Occidente (imperios carolingio y bizantino, Islam); Modernidad (Renacimiento, Reforma, descubrimientos geográficos); revoluciones burguesas (Ilustración, EE.UU., Francia); siglo XIX (liberalismo, nacionalismo, socialismo); primera mitad del siglo XX (guerras mundiales, revoluciones rusa y mexicana); de la Guerra Fría al mundo contemporáneo (descolonización, globalización).
Geografía|HUMANIDADES|UNMSM: geografía y espacio geográfico; factores de transformación del relieve (tectónica de placas); principales relieves del Perú (costa, andina, selva); clima (fenómenos El Niño/La Niña); cambio climático; hidrografía; gestión de riesgo de desastres; biodiversidad y ecosistemas; recursos naturales y desarrollo sostenible; actividades económicas; población humana del Perú; organización política y administrativa del territorio; continentes (América, Asia, África, Europa, Oceanía).
Economía|HUMANIDADES|UNMSM: temas básicos y principios económicos; mercado de bienes (oferta, demanda, tipos de mercado); mercado de factores; sector financiero y política monetaria (BCR); sector público y política fiscal; consumo, ahorro e inversión; sector externo (balanza de pagos, comercio internacional); ciclo y crecimiento económico; economía informal y distribución de ingresos; emprendimiento.
Filosofía|HUMANIDADES|UNMSM: nociones preliminares (disciplinas filosóficas, filosofía latinoamericana); ética, sociedad y democracia; ciencia y conocimiento (método científico); teoría de la argumentación (falacias, paradojas); apreciación estética.
Biología|BIOLOGIA|UNMSM: biología general (niveles de organización, composición química); célula (procariota/eucariota); tejidos; nutrición (fotosíntesis, respiración); sistema digestivo; circulación y transporte; sistema excretor e inmunológico; coordinación química (endocrino) y nerviosa; reproducción; genética y continuidad de las especies (leyes de Mendel); evolución y biodiversidad; reino animal; reino plantae; salud e higiene; ecología y recursos naturales.
